{"cameraMode":{"drawMode":0,"name":"Shaded","section":"Shading Mode"},"sceneLighting":true,"audioPlay":false,"sceneViewState":{"m_AlwaysRefresh":false,"showFog":true,"showSkybox":true,"showFlares":true,"showImageEffects":true,"showParticleSystems":true,"showVisualEffectGraphs":true,"m_FxEnabled":true},"in2DMode":false,"pivot":{"x":-0.6552346348762512,"y":13.533945083618164,"z":1.3445658683776856},"rotation":{"x":-0.1730443686246872,"y":0.06553980708122254,"z":-0.011541332118213177,"w":-0.9826668500900269},"size":22.183486938476564,"orthographic":true}